id,od,le,lc,turn,fluid,fr,orientation,heatw,rth,type
2,4,15,40,8,1,70,60,0.111111111,2.09457899,Tabular
2,4,15,40,8,1,70,60,0.112345679,1.437565637,Tabular
2,4,15,40,8,1,70,60,0.112359396,1.198448347,Tabular
2,4,15,40,8,1,70,60,0.112359549,1.146975118,Tabular
2,4,15,40,8,1,70,60,0.112359551,0.976088726,Tabular
2,4,15,40,8,1,70,60,0.112359551,0.8691688,Tabular
2,4,15,40,8,1,70,60,0.112359551,0.804902277,Tabular
2,4,15,40,8,1,70,60,0.112359551,0.753438141,Tabular
2,4,15,40,8,1,70,60,0.112359551,0.753128992,Tabular
2.3,3.3,40,60,5,1,50,0,0.277777778,0.713735828,Tabular
2.3,3.3,40,60,5,1,50,0,0.388888889,0.650170832,Tabular
2.3,3.3,40,60,5,1,50,0,0.5,0.670744393,Tabular
2.3,3.3,40,60,5,1,50,0,0.666666667,0.660919249,Tabular
2.3,3.3,40,60,5,1,50,0,0.833333333,0.673163235,Tabular
2.3,3.3,40,60,5,1,50,0,1,0.73229965,Tabular
2,3,52,60,5,2,40,0,0.256368222,1.1,Tabular
2,3,52,60,5,2,40,0,0.309836066,1.02,Tabular
2,3,52,60,5,2,40,0,0.363177806,0.94,Tabular
2,3,52,60,5,2,40,0,0.416519546,0.86,Tabular
2,3,52,60,5,2,40,0,0.46998739,0.77,Tabular
2,3,52,60,5,2,40,0,0.52332913,0.71,Tabular
2,3,52,60,5,2,40,0,0.57667087,0.66,Tabular
2,3,52,60,5,2,40,0,0.630138714,0.61,Tabular
2,3,52,60,5,2,40,0,0.683480454,0.56,Tabular
2,3,52,60,5,2,40,0,0.736822194,0.5,Tabular
2,3,52,60,5,2,40,0,0.790290038,0.48,Tabular
2,3,52,60,5,2,40,0,0.843631778,0.47,Tabular
2,3,52,60,5,2,40,0,0.896973518,0.46,Tabular
2,3,52,60,5,2,40,0,0.950441362,0.44,Tabular
2,3,52,60,5,2,40,0,1,0.43,Tabular
2,3.6,52,60,5,1,50,0,0.270856856,1.36,Tabular
2,3.6,52,60,5,1,50,0,0.328189688,1.22,Tabular
2,3.6,52,60,5,1,50,0,0.385522519,1.09,Tabular
2,3.6,52,60,5,1,50,0,0.442729896,0.96,Tabular
2,3.6,52,60,5,1,50,0,0.496299084,0.84,Tabular
2,3.6,52,60,5,1,50,0,0.557395559,0.73,Tabular
2,3.6,52,60,5,1,50,0,0.61472839,0.64,Tabular
2,3.6,52,60,5,1,50,0,0.671935767,0.55,Tabular
2,3.6,52,60,5,1,50,0,0.729268599,0.46,Tabular
2,3.6,52,60,5,1,50,0,0.78660143,0.41,Tabular
2,3.6,52,60,5,1,50,0,0.843808807,0.39,Tabular
2,3.6,52,60,5,1,50,0,0.901141638,0.36,Tabular
2,3.6,52,60,5,1,50,0,1,0.33,Tabular
2,3.6,50,50,10,1,50,40,0.098436247,2.11,Tabular
2,3.6,50,50,10,1,50,40,0.199478749,1.12,Tabular
2,3.6,50,50,10,1,50,40,0.298917402,0.75,Tabular
2,3.6,50,50,10,1,50,40,0.39935846,0.53,Tabular
2,3.6,50,50,10,1,50,40,0.497995188,0.45,Tabular
2,3.6,50,50,10,1,50,40,0.598035285,0.38,Tabular
2,3.6,50,50,10,1,50,40,0.699077787,0.28,Tabular
2,3.6,50,50,10,1,50,40,0.800120289,0.29,Tabular
2,3.6,50,50,10,1,50,40,0.900160385,0.29,Tabular
2,3.6,50,50,10,1,50,40,1,0.25,Tabular
2,3.6,50,50,10,1,50,20,0.099198397,1.84,Tabular
2,3.6,50,50,10,1,50,20,0.199398798,1.24,Tabular
2,3.6,50,50,10,1,50,20,0.299398798,0.82,Tabular
2,3.6,50,50,10,1,50,20,0.399398798,0.61,Tabular
2,3.6,50,50,10,1,50,20,0.497795591,0.54,Tabular
2,3.6,50,50,10,1,50,20,0.597795591,0.46,Tabular
2,3.6,50,50,10,1,50,20,0.697995992,0.34,Tabular
2,3.6,50,50,10,1,50,20,0.799799599,0.33,Tabular
2,3.6,50,50,10,1,50,20,0.899799599,0.32,Tabular
2,3.6,50,50,10,1,50,20,1,0.29,Tabular
2,3,70,70,5,1,50,0,0.200841009,2.25,Tabular
2,3,70,70,5,1,50,0,0.400881057,2.17,Tabular
2,3,70,70,5,1,50,0,0.599919904,1.93,Tabular
2,3,70,70,5,1,50,0,0.799959952,1.06,Tabular
2,3,70,70,5,1,50,0,1,0.87,Tabular
2,3,50,70,5,2,60,90,0.666111296,1.21,Tabular
2,3,50,70,5,2,60,90,0.777407531,0.99,Tabular
2,3,50,70,5,2,60,90,0.889259136,0.79,Tabular
2,3,50,70,5,2,60,90,1,0.65,Tabular
2,3,50,70,5,2,60,90,0.666111296,1.29,Tabular
2,3,50,70,5,2,60,90,0.777962901,1.02,Tabular
2,3,50,70,5,2,60,90,0.889259136,0.84,Tabular
2,3,50,70,5,2,60,90,1,0.69,Tabular
2,3,50,70,5,2,60,90,0.666111296,1.18,Tabular
2,3,50,70,5,2,60,90,0.777962901,1,Tabular
2,3,50,70,5,2,60,90,0.888703765,0.84,Tabular
2,3,50,70,5,2,60,90,1,0.73,Tabular
2,3.6,50,50,10,1,50,60,0.097194389,1.41,Tabular
2,3.6,50,50,10,1,50,60,0.195591182,1.09,Tabular
2,3.6,50,50,10,1,50,60,0.296793587,0.89,Tabular
2,3.6,50,50,10,1,50,60,0.398997996,0.69,Tabular
2,3.6,50,50,10,1,50,60,0.49739479,0.6,Tabular
2,3.6,50,50,10,1,50,60,0.598597194,0.57,Tabular
2,3.6,50,50,10,1,50,60,0.697795591,0.53,Tabular
2,3.6,50,50,10,1,50,60,0.799198397,0.55,Tabular
2,3.6,50,50,10,1,50,60,0.898997996,0.51,Tabular
2,3.6,50,50,10,1,50,60,1,0.52,Tabular
2,3.6,50,50,10,1,50,20,0.107294223,1.2,Tabular
2,3.6,50,50,10,1,50,20,0.217488289,1.13,Tabular
2,3.6,50,50,10,1,50,20,0.330359135,0.95,Tabular
2,3.6,50,50,10,1,50,20,0.553647111,0.54,Tabular
2,3.6,50,50,10,1,50,20,0.664956502,0.58,Tabular
2,3.6,50,50,10,1,50,20,0.776712023,0.56,Tabular
2,3.6,50,50,10,1,50,20,1,0.66,Tabular
2,2.5,42,52,20,3,50,0,0.202478063,0.807,Tabular
2,2.5,42,52,20,3,50,0,0.400384458,0.641,Tabular
2,2.5,42,52,20,3,50,0,0.601239031,0.409,Tabular
2,2.5,42,52,20,3,50,0,0.710530772,0.339,Tabular
2,2.5,42,52,20,3,50,0,0.745978626,0.326,Tabular
2,2.5,42,52,20,3,50,0,0.800619516,0.303,Tabular
2,2.5,42,52,20,3,50,0,0.902520891,0.254,Tabular
2,2.5,42,52,20,3,50,0,1,0.195,Tabular
1,1.2,42,52,40,3,50,0,0.195309473,0.597,Tabular
1,1.2,42,52,40,3,50,0,0.398446424,0.413,Tabular
1,1.2,42,52,40,3,50,0,0.601017175,0.3,Tabular
1,1.2,42,52,40,3,50,0,0.803299858,0.226,Tabular
1,1.2,42,52,40,3,50,0,1,0.211,Tabular
1,1.2,42,52,40,3,50,45,0.201820819,0.826,Tabular
1,1.2,42,52,40,3,50,45,0.223916371,0.817,Tabular
1,1.2,42,52,40,3,50,45,0.243242427,0.803,Tabular
1,1.2,42,52,40,3,50,45,0.269668466,0.785,Tabular
1,1.2,42,52,40,3,50,45,0.287091121,0.771,Tabular
1,1.2,42,52,40,3,50,45,0.367376329,0.705,Tabular
1,1.2,42,52,40,3,50,45,0.402866178,0.67,Tabular
1,1.2,42,52,40,3,50,45,0.432162423,0.637,Tabular
1,1.2,42,52,40,3,50,45,0.456705205,0.61,Tabular
1,1.2,42,52,40,3,50,45,0.480140187,0.584,Tabular
1,1.2,42,52,40,3,50,45,0.503826942,0.554,Tabular
1,1.2,42,52,40,3,50,45,0.529537947,0.525,Tabular
1,1.2,42,52,40,3,50,45,0.546839752,0.504,Tabular
1,1.2,42,52,40,3,50,45,0.591242346,0.453,Tabular
1,1.2,42,52,40,3,50,45,0.60663068,0.443,Tabular
1,1.2,42,52,40,3,50,45,0.629985095,0.42,Tabular
1,1.2,42,52,40,3,50,45,0.654870287,0.4,Tabular
1,1.2,42,52,40,3,50,45,0.677842008,0.383,Tabular
1,1.2,42,52,40,3,50,45,0.698326217,0.37,Tabular
1,1.2,42,52,40,3,50,45,0.720744038,0.356,Tabular
1,1.2,42,52,40,3,50,45,0.737723574,0.348,Tabular
1,1.2,42,52,40,3,50,45,0.758922817,0.338,Tabular
1,1.2,42,52,40,3,50,45,0.787775943,0.322,Tabular
1,1.2,42,52,40,3,50,45,0.808109088,0.311,Tabular
1,1.2,42,52,40,3,50,45,0.824101676,0.31,Tabular
1,1.2,42,52,40,3,50,45,0.852390831,0.298,Tabular
1,1.2,42,52,40,3,50,45,0.865835482,0.295,Tabular
1,1.2,42,52,40,3,50,45,0.902473413,0.282,Tabular
1,1.2,42,52,40,3,50,45,0.914266436,0.28,Tabular
1,1.2,42,52,40,3,50,45,0.94904125,0.267,Tabular
1,1.2,42,52,40,3,50,45,0.960834273,0.265,Tabular
1,1.2,42,52,40,3,50,45,1,0.242,Tabular
1,1.2,42,52,40,3,50,90,0.223798436,0.834,Tabular
1,1.2,42,52,40,3,50,90,0.243523082,0.826,Tabular
1,1.2,42,52,40,3,50,90,0.271510603,0.811,Tabular
1,1.2,42,52,40,3,50,90,0.299848533,0.796,Tabular
1,1.2,42,52,40,3,50,90,0.322172989,0.783,Tabular
1,1.2,42,52,40,3,50,90,0.346260795,0.768,Tabular
1,1.2,42,52,40,3,50,90,0.370337297,0.754,Tabular
1,1.2,42,52,40,3,50,90,0.447879459,0.695,Tabular
1,1.2,42,52,40,3,50,90,0.462506217,0.692,Tabular
1,1.2,42,52,40,3,50,90,0.561785052,0.6,Tabular
1,1.2,42,52,40,3,50,90,0.672310892,0.487,Tabular
1,1.2,42,52,40,3,50,90,0.758251571,0.418,Tabular
1,1.2,42,52,40,3,50,90,0.781310756,0.399,Tabular
1,1.2,42,52,40,3,50,90,0.819019306,0.372,Tabular
1,1.2,42,52,40,3,50,90,0.84258715,0.356,Tabular
1,1.2,42,52,40,3,50,90,0.872428449,0.338,Tabular
1,1.2,42,52,40,3,50,90,0.902778406,0.322,Tabular
1,1.2,42,52,40,3,50,90,0.934416964,0.31,Tabular
1,1.2,42,52,40,3,50,90,0.981077904,0.297,Tabular
1,1.2,42,52,40,3,50,90,1,0.295,Tabular
1.4,3.2,126,110,10,1,50,0,0.216487998,0.083,Tabular
1.4,3.2,126,110,10,1,50,0,0.223406248,0.091,Tabular
1.4,3.2,126,110,10,1,50,0,0.240264071,0.089,Tabular
1.4,3.2,126,110,10,1,50,0,0.309934748,0.089,Tabular
1.4,3.2,126,110,10,1,50,0,0.379595492,0.089,Tabular
1.4,3.2,126,110,10,1,50,0,0.449266169,0.088,Tabular
1.4,3.2,126,110,10,1,50,0,0.518875823,0.089,Tabular
1.4,3.2,126,110,10,1,50,0,0.589923055,0.089,Tabular
1.4,3.2,126,110,10,1,50,0,0.651027875,0.089,Tabular
1.4,3.2,126,110,10,1,50,0,0.728492403,0.089,Tabular
1.4,3.2,126,110,10,1,50,0,0.792759041,0.089,Tabular
1.4,3.2,126,110,10,1,50,0,0.864443461,0.089,Tabular
1.4,3.2,126,110,10,1,50,0,0.936756554,0.089,Tabular
1.4,3.2,126,110,10,1,50,0,1,0.09,Tabular
1.4,3.2,126,110,10,1,50,90,0.046091357,0.072,Tabular
1.4,3.2,126,110,10,1,50,90,0.054552397,0.078,Tabular
1.4,3.2,126,110,10,1,50,90,0.069196867,0.082,Tabular
1.4,3.2,126,110,10,1,50,90,0.091365249,0.089,Tabular
1.4,3.2,126,110,10,1,50,90,0.136073099,0.092,Tabular
1.4,3.2,126,110,10,1,50,90,0.194801563,0.094,Tabular
1.4,3.2,126,110,10,1,50,90,0.263004832,0.096,Tabular
1.4,3.2,126,110,10,1,50,90,0.324956102,0.097,Tabular
1.4,3.2,126,110,10,1,50,90,0.392967105,0.096,Tabular
1.4,3.2,126,110,10,1,50,90,0.460931051,0.097,Tabular
1.4,3.2,126,110,10,1,50,90,0.526917213,0.097,Tabular
1.4,3.2,126,110,10,1,50,90,0.592895308,0.097,Tabular
1.4,3.2,126,110,10,1,50,90,0.658878781,0.097,Tabular
1.4,3.2,126,110,10,1,50,90,0.720194094,0.097,Tabular
1.4,3.2,126,110,10,1,50,90,0.793091069,0.097,Tabular
1.4,3.2,126,110,10,1,50,90,0.853880677,0.097,Tabular
1.4,3.2,126,110,10,1,50,90,0.92588086,0.097,Tabular
1.4,3.2,126,110,10,1,50,90,1,0.097,Tabular
1.4,3.2,126,110,10,1,50,-90,0.020058877,1.469,Tabular
1.4,3.2,126,110,10,1,50,-90,0.037372181,1.333,Tabular
1.4,3.2,126,110,10,1,50,-90,0.06507434,1.168,Tabular
1.4,3.2,126,110,10,1,50,-90,0.092775042,1.025,Tabular
1.4,3.2,126,110,10,1,50,-90,0.118169053,0.911,Tabular
1.4,3.2,126,110,10,1,50,-90,0.146447157,0.797,Tabular
1.4,3.2,126,110,10,1,50,-90,0.189730415,0.677,Tabular
1.4,3.2,126,110,10,1,50,-90,0.227819973,0.709,Tabular
1.4,3.2,126,110,10,1,50,-90,0.242362914,0.57,Tabular
1.4,3.2,126,110,10,1,50,-90,0.290148739,0.507,Tabular
1.4,3.2,126,110,10,1,50,-90,0.349014553,0.453,Tabular
1.4,3.2,126,110,10,1,50,-90,0.407880367,0.419,Tabular
1.4,3.2,126,110,10,1,50,-90,0.470207675,0.39,Tabular
1.4,3.2,126,110,10,1,50,-90,0.529073489,0.367,Tabular
1.4,3.2,126,110,10,1,50,-90,0.591402255,0.354,Tabular
1.4,3.2,126,110,10,1,50,-90,0.650268069,0.341,Tabular
1.4,3.2,126,110,10,1,50,-90,0.712596835,0.328,Tabular
1.4,3.2,126,110,10,1,50,-90,0.774924143,0.321,Tabular
1.4,3.2,126,110,10,1,50,-90,0.833789957,0.311,Tabular
1.4,3.2,126,110,10,1,50,-90,0.892655771,0.302,Tabular
1.4,3.2,126,110,10,1,50,-90,0.951521585,0.29,Tabular
1.4,3.2,126,110,10,1,50,-90,1,0.285,Tabular
2,3,55,50,4,5,70,0,0.469244049,2.5543,Tabular
2,3,55,50,4,5,70,0,0.495911321,2.4943,Tabular
2,3,55,50,4,5,70,0,0.523941486,2.4393,Tabular
2,3,55,50,4,5,70,0,0.551926222,2.3795,Tabular
2,3,55,50,4,5,70,0,0.579956387,2.3162,Tabular
2,3,55,50,4,5,70,0,0.607941123,2.2607,Tabular
2,3,55,50,4,5,70,0,0.635971288,2.2015,Tabular
2,3,55,50,4,5,70,0,0.661275668,2.1312,Tabular
2,3,55,50,4,5,70,0,0.684581138,2.0594,Tabular
2,3,55,50,4,5,70,0,0.710612393,1.9818,Tabular
2,3,55,50,4,5,70,0,0.735235326,1.9125,Tabular
2,3,55,50,4,5,70,0,0.759903689,1.831,Tabular
2,3,55,50,4,5,70,0,0.786570961,1.7455,Tabular
2,3,55,50,4,5,70,0,0.813238234,1.6676,Tabular
2,3,55,50,4,5,70,0,0.841222969,1.6188,Tabular
2,3,55,50,4,5,70,0,0.869253135,1.5819,Tabular
2,3,55,50,4,5,70,0,0.8972833,1.5393,Tabular
2,3,55,50,4,5,70,0,0.925268036,1.4992,Tabular
2,3,55,50,4,5,70,0,0.953298201,1.461,Tabular
2,3,55,50,4,5,70,0,0.981328366,1.4238,Tabular
2,3,55,50,4,5,70,0,1,1.4107,Tabular
2,3,55,50,4,5,50,0,0.457878104,3.2721,Tabular
2,3,55,50,4,5,50,0,0.476252822,3.1744,Tabular
2,3,55,50,4,5,50,0,0.490022573,3.0843,Tabular
2,3,55,50,4,5,50,0,0.50772009,2.9805,Tabular
2,3,55,50,4,5,50,0,0.522844244,2.8829,Tabular
2,3,55,50,4,5,50,0,0.537923251,2.7977,Tabular
2,3,55,50,4,5,50,0,0.560722348,2.656,Tabular
2,3,55,50,4,5,50,0,0.578600451,2.5567,Tabular
2,3,55,50,4,5,50,0,0.594356659,2.4746,Tabular
2,3,55,50,4,5,50,0,0.610790068,2.3536,Tabular
2,3,55,50,4,5,50,0,0.630474041,2.246,Tabular
2,3,55,50,4,5,50,0,0.654717833,2.1937,Tabular
2,3,55,50,4,5,50,0,0.68221219,2.1398,Tabular
2,3,55,50,4,5,50,0,0.71006772,2.0689,Tabular
2,3,55,50,4,5,50,0,0.737291196,2.0171,Tabular
2,3,55,50,4,5,50,0,0.764785553,1.9609,Tabular
2,3,55,50,4,5,50,0,0.792325056,1.8909,Tabular
2,3,55,50,4,5,50,0,0.81986456,1.833,Tabular
2,3,55,50,4,5,50,0,0.847358916,1.7984,Tabular
2,3,55,50,4,5,50,0,0.87489842,1.7537,Tabular
2,3,55,50,4,5,50,0,0.902392777,1.7102,Tabular
2,3,55,50,4,5,50,0,0.929887133,1.6643,Tabular
2,3,55,50,4,5,50,0,0.957426637,1.6231,Tabular
2,3,55,50,4,5,50,0,0.98496614,1.5641,Tabular
2,3,55,50,4,5,50,0,1,1.5462,Tabular
2,3,55,50,4,5,40,0,0.459156072,3.1011,Tabular
2,3,55,50,4,5,40,0,0.485168154,3.0047,Tabular
2,3,55,50,4,5,40,0,0.506897484,2.9186,Tabular
2,3,55,50,4,5,40,0,0.527725183,2.833,Tabular
2,3,55,50,4,5,40,0,0.549409431,2.7527,Tabular
2,3,55,50,4,5,40,0,0.571995312,2.6599,Tabular
2,3,55,50,4,5,40,0,0.594040213,2.5651,Tabular
2,3,55,50,4,5,40,0,0.61540889,2.4873,Tabular
2,3,55,50,4,5,40,0,0.644035705,2.4058,Tabular
2,3,55,50,4,5,40,0,0.682084573,2.3511,Tabular
2,3,55,50,4,5,40,0,0.71697773,2.3039,Tabular
2,3,55,50,4,5,40,0,0.753448742,2.2598,Tabular
2,3,55,50,4,5,40,0,0.789919755,2.2099,Tabular
2,3,55,50,4,5,40,0,0.826345686,2.1506,Tabular
2,3,55,50,4,5,40,0,0.862816698,2.0892,Tabular
2,3,55,50,4,5,40,0,0.899738527,2.0208,Tabular
2,3,55,50,4,5,40,0,0.935758723,1.9537,Tabular
2,3,55,50,4,5,40,0,0.972229736,1.8872,Tabular
2,3,55,50,4,5,40,0,1,1.8434,Tabular
2,3,55,50,4,5,70,0,0.466642312,2.888,Tabular
2,3,55,50,4,5,70,0,0.494269145,2.8089,Tabular
2,3,55,50,4,5,70,0,0.519567104,2.731,Tabular
2,3,55,50,4,5,70,0,0.545641353,2.6595,Tabular
2,3,55,50,4,5,70,0,0.572491895,2.5771,Tabular
2,3,55,50,4,5,70,0,0.59546098,2.508,Tabular
2,3,55,50,4,5,70,0,0.618521394,2.4294,Tabular
2,3,55,50,4,5,70,0,0.643043061,2.3618,Tabular
2,3,55,50,4,5,70,0,0.672176812,2.2792,Tabular
2,3,55,50,4,5,70,0,0.700534271,2.2127,Tabular
2,3,55,50,4,5,70,0,0.729668021,2.1356,Tabular
2,3,55,50,4,5,70,0,0.761861272,2.0705,Tabular
2,3,55,50,4,5,70,0,0.790173067,2.0122,Tabular
2,3,55,50,4,5,70,0,0.8177999,1.938,Tabular
2,3,55,50,4,5,70,0,0.849034202,1.8779,Tabular
2,3,55,50,4,5,70,0,0.881364446,1.8337,Tabular
2,3,55,50,4,5,70,0,0.913466368,1.7929,Tabular
2,3,55,50,4,5,70,0,0.945659619,1.7452,Tabular
2,3,55,50,4,5,70,0,0.977807206,1.6987,Tabular
2,3,55,50,4,5,70,0,1,1.6624,Tabular
2,3,55,50,4,5,50,0,0.464179582,2.5662,Tabular
2,3,55,50,4,5,50,0,0.515887167,2.5052,Tabular
2,3,55,50,4,5,50,0,0.547844374,2.4674,Tabular
2,3,55,50,4,5,50,0,0.582727564,2.4134,Tabular
2,3,55,50,4,5,50,0,0.617656471,2.3687,Tabular
2,3,55,50,4,5,50,0,0.652539661,2.3241,Tabular
2,3,55,50,4,5,50,0,0.687468569,2.258,Tabular
2,3,55,50,4,5,50,0,0.722397476,2.1959,Tabular
2,3,55,50,4,5,50,0,0.757280666,2.1335,Tabular
2,3,55,50,4,5,50,0,0.792209573,2.0718,Tabular
2,3,55,50,4,5,50,0,0.828784346,2.0116,Tabular
2,3,55,50,4,5,50,0,0.863713254,1.9594,Tabular
2,3,55,50,4,5,50,0,0.899236502,1.9005,Tabular
2,3,55,50,4,5,50,0,0.933525351,1.85,Tabular
2,3,55,50,4,5,50,0,0.96840854,1.8056,Tabular
2,3,55,50,4,5,50,0,1,1.765,Tabular
2,3,50,70,5,2,60,90,0.668882289,1.0869,Tabular
2,3,50,70,5,2,60,90,0.691539048,1.0563,Tabular
2,3,50,70,5,2,60,90,0.714184765,1.0175,Tabular
2,3,50,70,5,2,60,90,0.736830483,0.97779,Tabular
2,3,50,70,5,2,60,90,0.759487242,0.94018,Tabular
2,3,50,70,5,2,60,90,0.782132959,0.89813,Tabular
2,3,50,70,5,2,60,90,0.804778677,0.84913,Tabular
2,3,50,70,5,2,60,90,0.827435436,0.80264,Tabular
2,3,50,70,5,2,60,90,0.850081154,0.75615,Tabular
2,3,50,70,5,2,60,90,0.872726871,0.71758,Tabular
2,3,50,70,5,2,60,90,0.89538363,0.67785,Tabular
2,3,50,70,5,2,60,90,0.918029348,0.6387,Tabular
2,3,50,70,5,2,60,90,0.940675065,0.60746,Tabular
2,3,50,70,5,2,60,90,0.963331824,0.57603,Tabular
2,3,50,70,5,2,60,90,0.985977542,0.54634,Tabular
2,3,50,70,5,2,60,90,1,0.53949,Tabular
2,3,50,70,5,2,60,90,0.674394734,1.1406,Tabular
2,3,50,70,5,2,60,90,0.697980587,1.1083,Tabular
2,3,50,70,5,2,60,90,0.721544126,1.0681,Tabular
2,3,50,70,5,2,60,90,0.745118822,1.0279,Tabular
2,3,50,70,5,2,60,90,0.768693518,0.98442,Tabular
2,3,50,70,5,2,60,90,0.792268214,0.94253,Tabular
2,3,50,70,5,2,60,90,0.81584291,0.9122,Tabular
2,3,50,70,5,2,60,90,0.839428763,0.87529,Tabular
2,3,50,70,5,2,60,90,0.863003459,0.83681,Tabular
2,3,50,70,5,2,60,90,0.886566998,0.79235,Tabular
2,3,50,70,5,2,60,90,0.910152851,0.76946,Tabular
2,3,50,70,5,2,60,90,0.933738704,0.74437,Tabular
2,3,50,70,5,2,60,90,0.957324557,0.71757,Tabular
2,3,50,70,5,2,60,90,0.980910409,0.69053,Tabular
2,3,50,70,5,2,60,90,1,0.6711,Tabular
2,3,50,70,5,2,60,90,0.676010896,1.0818,Tabular
2,3,50,70,5,2,60,90,0.692957778,1.037,Tabular
2,3,50,70,5,2,60,90,0.710340054,0.99504,Tabular
2,3,50,70,5,2,60,90,0.728157724,0.95722,Tabular
2,3,50,70,5,2,60,90,0.746421953,0.93238,Tabular
2,3,50,70,5,2,60,90,0.765121575,0.87884,Tabular
2,3,50,70,5,2,60,90,0.784301248,0.83855,Tabular
2,3,50,70,5,2,60,90,0.803972135,0.80277,Tabular
2,3,50,70,5,2,60,90,0.824123071,0.76456,Tabular
2,3,50,70,5,2,60,90,0.84478755,0.73549,Tabular
2,3,50,70,5,2,60,90,0.86596557,0.69746,Tabular
2,3,50,70,5,2,60,90,0.887657133,0.6574,Tabular
2,3,50,70,5,2,60,90,0.909940384,0.64175,Tabular
2,3,50,70,5,2,60,90,0.932748342,0.61543,Tabular
2,3,50,70,5,2,60,90,0.956136825,0.58892,Tabular
2,3,50,70,5,2,60,90,0.980128162,0.57019,Tabular
2,3,50,70,5,2,60,90,1,0.56631,Tabular
7.2,7.94,54,54,10,1,60,0,0.106820204,55.88,Tabular
7.2,7.94,54,54,10,1,60,0,0.140585154,57.66,Tabular
7.2,7.94,54,54,10,1,60,0,0.174132648,59.27,Tabular
7.2,7.94,54,54,10,1,60,0,0.201314619,61.57,Tabular
7.2,7.94,54,54,10,1,60,0,0.272393002,58.78,Tabular
7.2,7.94,54,54,10,1,60,0,0.302698428,57.99,Tabular
7.2,7.94,54,54,10,1,60,0,0.336176732,56.66,Tabular
7.2,7.94,54,54,10,1,60,0,0.369101512,55.41,Tabular
7.2,7.94,54,54,10,1,60,0,0.401472769,54.77,Tabular
7.2,7.94,54,54,10,1,60,0,0.42216072,53.3,Tabular
7.2,7.94,54,54,10,1,60,0,0.498112089,51.7,Tabular
7.2,7.94,54,54,10,1,60,0,0.601621034,47.24,Tabular
7.2,7.94,54,54,10,1,60,0,0.63147178,45.82,Tabular
7.2,7.94,54,54,10,1,60,0,0.66516754,43.54,Tabular
7.2,7.94,54,54,10,1,60,0,0.697657408,42.25,Tabular
7.2,7.94,54,54,10,1,60,0,0.7240684,41.89,Tabular
7.2,7.94,54,54,10,1,60,0,0.797845211,40.11,Tabular
7.2,7.94,54,54,10,1,60,0,0.830265889,39.46,Tabular
7.2,7.94,54,54,10,1,60,0,0.862182465,38.54,Tabular
7.2,7.94,54,54,10,1,60,0,0.891538994,38.28,Tabular
7.2,7.94,54,54,10,1,60,0,0.952604527,27.49,Tabular
7.2,7.94,54,54,10,1,60,0,0.981634872,23.08,Tabular
7.2,7.94,54,54,6,1,60,0,1,21.39,Tabular
1.75,3,100,100,7,1,50,0,0.144609934,0.73,Tabular
1.75,3,100,100,7,1,50,0,0.190473066,0.55,Tabular
1.75,3,100,100,7,1,50,0,0.239419986,0.39,Tabular
1.75,3,100,100,7,1,50,0,0.28902303,0.31,Tabular
1.75,3,100,100,7,1,50,0,0.337773112,0.27,Tabular
1.75,3,100,100,7,1,50,0,0.386588807,0.27,Tabular
1.75,3,100,100,7,1,50,0,0.435338889,0.27,Tabular
1.75,3,100,100,7,1,50,0,0.484154583,0.27,Tabular
1.75,3,100,100,7,1,50,0,0.532970278,0.26,Tabular
1.75,3,100,100,7,1,50,0,0.58172036,0.26,Tabular
1.75,3,100,100,7,1,50,0,0.630536054,0.25,Tabular
1.75,3,100,100,7,1,50,0,0.679351749,0.25,Tabular
1.75,3,100,100,7,1,50,0,0.728101831,0.25,Tabular
1.75,3,100,100,7,1,50,0,0.776917525,0.25,Tabular
1.75,3,100,100,7,1,50,0,0.82573322,0.25,Tabular
1.75,3,100,100,7,1,50,0,0.874483302,0.24,Tabular
1.75,3,100,100,7,1,50,0,0.923298996,0.24,Tabular
1.75,3,100,100,7,1,50,0,0.972114691,0.24,Tabular
1.75,3,100,100,7,1,50,0,1,0.24,Tabular
1.83,4.36,77.29,58.51,6,1,50,81.62,0.181960294,1.42,Flate Plate
1.83,4.36,77.29,58.51,6,1,50,81.63,0.337032984,1.35,Flate Plate
1.83,4.36,77.29,58.51,6,1,50,81.64,0.44083164,1.35,Flate Plate
1.83,4.36,77.29,58.51,6,1,50,81.65,0.499765515,1.21,Flate Plate
1.83,4.36,77.29,58.51,6,1,50,81.66,0.652962326,1.13,Flate Plate
1.83,4.36,77.29,58.51,6,1,50,81.67,0.710645615,1.04,Flate Plate
1.83,4.36,77.29,58.51,6,1,50,81.68,0.802407378,1.06,Flate Plate
1.83,4.36,77.29,58.51,6,1,50,81.69,0.845083633,1.06,Flate Plate
1.83,4.36,77.29,58.51,6,1,50,81.7,0.958105362,0.93,Flate Plate
1.83,4.36,77.29,58.51,6,1,50,81.71,1,0.97,Flate Plate
2.5,3.5,77.29,58.51,6,1,60,0,0.276752768,0.95,Flate Plate
2.5,3.5,77.29,58.51,6,1,60,0,0.346863469,0.89,Flate Plate
2.5,3.5,60,52,6,1,60,0,0.41351476,0.78,Flate Plate
2.5,3.5,60,52,6,1,60,0,0.472555351,0.71,Flate Plate
2.5,3.5,60,52,6,1,60,0,0.54797048,0.69,Flate Plate
2.5,3.5,60,52,6,1,60,0,0.623385609,0.69,Flate Plate
2.5,3.5,60,52,6,1,60,0,0.698570111,0.66,Flate Plate
2.5,3.5,60,52,6,1,60,0,0.77398524,0.63,Flate Plate
2.5,3.5,60,52,6,1,60,0,0.849400369,0.63,Flate Plate
2.5,3.5,60,52,6,1,60,0,0.924584871,0.65,Flate Plate
2.5,3.5,60,52,6,1,60,0,1,0.65,Flate Plate
1.83,4.36,77.29,58.51,6,1,50,81.62,0.135476822,1.62,Flate Plate
1.83,4.36,77.29,58.51,6,1,50,81.63,0.24785391,1.42,Flate Plate
1.83,4.36,77.29,58.51,6,1,50,81.64,0.463711565,1.24,Flate Plate
1.83,4.36,77.29,58.51,6,1,50,81.65,0.579210239,1.08,Flate Plate
1.83,4.36,77.29,58.51,6,1,50,81.66,0.690182613,1.04,Flate Plate
1.83,4.36,77.29,58.51,6,1,50,81.67,0.796316529,1.3,Flate Plate
1.83,4.36,77.29,58.51,6,1,50,81.68,0.914936788,0.99,Flate Plate
1.83,4.36,77.29,58.51,6,1,50,81.69,1,1.05,Flate Plate
2,4,80,80,5,1,95,0,0.05,2.056606329,Flate Plate
2,4,80,80,5,1,95,0,0.1,2.003381982,Flate Plate
2,4,80,80,5,1,95,0,0.15,1.974236589,Flate Plate
2,4,80,80,5,1,95,0,0.2,1.02023131,Flate Plate
2,4,80,80,5,1,95,0,0.35,0.398104569,Flate Plate
2,4,80,80,5,1,95,0,0.5,0.296223394,Flate Plate
2,4,80,80,5,1,95,0,0.65,0.261779918,Flate Plate
2,4,80,80,5,1,95,0,0.8,0.241787378,Flate Plate
2,4,80,80,5,1,95,0,1,0.211935178,Flate Plate
1,1,8,14,26,1,50,0,0.067709243,0.46,Flate Plate
1,1,8,14,26,1,50,0,0.113314695,0.38,Flate Plate
1,1,8,14,26,1,50,0,0.163725319,0.21,Flate Plate
1,1,8,14,26,1,50,0,0.227240958,0.1,Flate Plate
1,1,8,14,26,1,50,0,0.23204613,0.07,Flate Plate
1,1,8,14,26,1,50,0,0.301677442,0.06,Flate Plate
1,1,8,14,26,1,50,0,0.383190634,0.05,Flate Plate
1,1,8,14,26,1,50,0,0.47676044,0.05,Flate Plate
1,1,8,14,26,1,50,0,0.585968897,0.04,Flate Plate
1,1,8,14,26,1,50,0,0.707146601,0.05,Flate Plate
1,1,8,14,26,1,50,0,0.845098724,0.05,Flate Plate
1,1,8,14,26,1,50,0,1,0.05,Flate Plate
2.5,5,50,50,26,2,50,0,0.049266366,0.48,Flate Plate
2.5,5,50,50,26,2,50,0,0.07979684,0.48,Flate Plate
2.5,5,50,50,26,2,50,0,0.105079007,0.43,Flate Plate
2.5,5,50,50,26,2,50,0,0.116986456,0.42,Flate Plate
2.5,5,50,50,26,2,50,0,0.134085779,0.24,Flate Plate
2.5,5,50,50,26,2,50,0,0.128781038,0.44,Flate Plate
2.5,5,50,50,26,2,50,0,0.156264108,0.24,Flate Plate
2.5,5,50,50,26,2,50,0,0.152539503,0.21,Flate Plate
2.5,5,50,50,26,2,50,0,0.196162528,0.19,Flate Plate
2.5,5,50,50,26,2,50,0,0.205530474,0.16,Flate Plate
2.5,5,50,50,26,2,50,0,0.214954853,0.2,Flate Plate
2.5,5,50,50,26,2,50,0,0.25248307,0.16,Flate Plate
2.5,5,50,50,26,2,50,0,0.260722348,0.13,Flate Plate
2.5,5,50,50,26,2,50,0,0.271557562,0.17,Flate Plate
2.5,5,50,50,26,2,50,0,0.313656885,0.12,Flate Plate
2.5,5,50,50,26,2,50,0,0.331264108,0.12,Flate Plate
2.5,5,50,50,26,2,50,0,0.384029345,0.1,Flate Plate
2.5,5,50,50,26,2,50,0,0.40214447,0.1,Flate Plate
2.5,5,50,50,26,2,50,0,0.467494357,0.09,Flate Plate
2.5,5,50,50,26,2,50,0,0.471839729,0.08,Flate Plate
2.5,5,50,50,26,2,50,0,0.484311512,0.1,Flate Plate
2.5,5,50,50,26,2,50,0,0.554232506,0.09,Flate Plate
2.5,5,50,50,26,2,50,0,0.552765237,0.07,Flate Plate
2.5,5,50,50,26,2,50,0,0.571952596,0.1,Flate Plate
2.5,5,50,50,26,2,50,0,0.643171558,0.09,Flate Plate
2.5,5,50,50,26,2,50,0,0.654458239,0.08,Flate Plate
2.5,5,50,50,26,2,50,0,0.665519187,0.08,Flate Plate
2.5,5,50,50,26,2,50,0,0.755191874,0.09,Flate Plate
2.5,5,50,50,26,2,50,0,0.773927765,0.08,Flate Plate
2.5,5,50,50,26,2,50,0,0.871444695,0.09,Flate Plate
2.5,5,50,50,26,2,50,0,0.88972912,0.08,Flate Plate
2.5,5,50,50,26,2,50,0,1,0.09,Flate Plate
